API specs (core) - routes	completed	success	2026-10-03T20:20:26Z	2026-10-03T20:21:38Z
API specs (core) - network	completed	success	2026-10-03T20:20:26Z	2026-10-03T20:38:06Z
API specs (core) - storage	completed	success	2026-10-03T20:20:25Z	2026-10-03T20:34:52Z
API specs (core) - smoke	completed	success	2026-10-03T20:20:26Z	2026-10-03T20:21:23Z
API specs (full) - smoke	completed	success	2026-10-03T20:20:25Z	2026-10-03T20:21:26Z
API specs (full) - engine	completed	success	2026-10-03T20:21:27Z	2026-10-03T20:25:51Z
API specs (core) - vps	completed	success	2026-10-03T20:20:26Z	2026-10-03T20:35:01Z
API specs (full) - coverage	completed	success	2026-10-03T20:21:04Z	2026-10-03T20:21:43Z
API specs (full) - plugins	completed	success	2026-10-03T20:20:26Z	2026-10-03T20:37:43Z
API specs (core) - plugins	completed	success	2026-10-03T20:20:25Z	2026-10-03T20:21:02Z
API specs (full) - storage	completed	success	2026-10-03T20:20:25Z	2026-10-03T20:36:50Z
API specs (core) - engine	completed	success	2026-10-03T20:20:26Z	2026-10-03T20:24:53Z
API specs (core) - supervisor	completed	success	2026-10-03T20:20:26Z	2026-10-03T20:21:19Z
API specs (core) - dns	completed	success	2026-10-03T20:20:26Z	2026-10-03T20:35:44Z
API specs (core) - mail	completed	success	2026-10-03T20:20:26Z	2026-10-03T20:30:12Z
API specs (full) - mail	completed	success	2026-10-03T20:20:26Z	2026-10-03T20:31:44Z
API specs (full) - routes	completed	success	2026-10-03T20:21:40Z	2026-10-03T20:23:11Z
API specs (full) - network	completed	success	2026-10-03T20:20:26Z	2026-10-03T20:44:24Z
API specs (full) - vps	completed	success	2026-10-03T20:21:20Z	2026-10-03T20:34:33Z
API specs (full) - dns	completed	success	2026-10-03T20:20:26Z	2026-10-03T20:34:20Z
API specs (core) - coverage	completed	success	2026-10-03T20:20:26Z	2026-10-03T20:21:02Z
API specs (full) - users-auth	completed	success	2026-10-03T20:20:25Z	2026-10-03T20:42:40Z
API specs (core) - users-auth	completed	success	2026-10-03T20:20:25Z	2026-10-03T20:34:24Z
API specs (full) - supervisor	completed	success	2026-10-03T20:21:03Z	2026-10-03T20:22:07Z
API specs (full) - platform	completed	success	2026-10-03T20:20:26Z	2026-10-03T20:54:04Z
API specs (core) - platform	completed	success	2026-10-03T20:21:25Z	2026-10-03T20:44:53Z
API specs - topic coverage	completed	success	2026-10-03T20:54:06Z	2026-10-03T20:54:14Z
